<?xml version="1.0" encoding="UTF-8" standalone="yes"?>
<addon id="plugin.video.movixws"                                                                                                                                    
	   name="Movix Live"                                                 
	   version="1.3.7"                                                                                                                                        
	   provider-name="Movix">
  <requires>
    <import addon="xbmc.python" version="2.1.0"/>
	<import addon="script.module.requests"/>
	<import addon="script.module.resolveurl" version="5.0.00"/>
    <import addon="repository.movix"/>
	
  </requires>
  <extension point="xbmc.python.pluginsource"
            library="default.py">
        <provides>video</provides>
  </extension>
  <extension point="xbmc.addon.metadata">
    <summary lang="he">Movix Live</summary>
    <description lang="he">Movix Live</description>
    <platform>all</platform>
  </extension>
</addon>