<?xml version="1.0" encoding="UTF-8" standalone="yes"?>
<addon id="repository.movix" name="[COLOR gold]Movix[/COLOR] [COLOR gold]Repo[/COLOR]" version="1.0.2" provider-name="Movix">
        <extension point="xbmc.addon.repository" name="Movix Repository">
                <info compressed="false">http://raw.github.com/Movixme/Movix/master/addons.xml</info>
                <checksum>http://raw.github.com/Movixme/Movix/master/addons.xml.md5</checksum>
                <datadir zip="true">http://raw.github.com/Movixme/Movix/master/zip</datadir>
        </extension>
        <extension point="xbmc.addon.metadata">
                <summary>Movix Repository</summary>
                <description>Movix Repository</description>
                <disclaimer></disclaimer>
                <platform>all</platform>
        </extension>
</addon>
